rule_id,message,file,line,col,index,Annotator_1,Annotator_2,Resolution,Resolution comment,Comment annotator 2,same,label,url,repo_owner,repo_name,name,stars,issues,forks,contributors,commits,latest_commit_date,days_since_latest_commit
ql-ghost-composition,"Ghost composition at location: (124, 9)",test_mc_gate_13ba80.py,124,9.0,"Ghost composition at location: (124, 9)test_mc_gate_13ba80.py124",TP,TP,,,,1,TP,https://github.com/qclib/qclib/blob/ddafadf004cfe79d6086b3874c96a00219bf896d/test/test_mc_gate.py,qclib,qclib,qclib,26.0,9.0,17.0,9.0,30.0,2023-11-10 14:55:49+00:00,80.0
ql-ghost-composition,"Ghost composition at location: (249, 1)",error_correction_repetition_code_e94ab1.py,249,,"Ghost composition at location: (249, 1)error_correction_repetition_code_e94ab1.py249",TP,FP,NW,,easy to avoid,0,NW,https://github.com/Qiskit/platypus/blob/57c19e59c7e87e2000f0c158dc2bb0da42bf90ce/notebooks/quantum-hardware/error-correction-repetition-code.ipynb,Qiskit,platypus,platypus,93.0,217.0,228.0,30.0,30.0,2023-11-28 19:56:56+00:00,62.0
ql-ghost-composition,"Ghost composition at location: (222, 1)",error_correction_repetition_code_e94ab1.py,222,,"Ghost composition at location: (222, 1)error_correction_repetition_code_e94ab1.py222",TP,FP,NW,"because the checker looks for an error, but the checker finds a style problem.",easy to avoid,0,NW,https://github.com/Qiskit/platypus/blob/57c19e59c7e87e2000f0c158dc2bb0da42bf90ce/notebooks/quantum-hardware/error-correction-repetition-code.ipynb,Qiskit,platypus,platypus,93.0,217.0,228.0,30.0,30.0,2023-11-28 19:56:56+00:00,62.0
ql-ghost-composition,"Ghost composition at location: (42, 1)",h2evo_6bb46f.py,42,,"Ghost composition at location: (42, 1)h2evo_6bb46f.py42",TP,TP,,,,1,TP,https://github.com/NEASQC/Variationals_algorithms/blob/8654cddca7d3a9b816c8085f64c278990cb78411/misc/python_scripts/h2evo.py,NEASQC,Variationals_algorithms,Variationals_algorithms,0.0,0.0,1.0,3.0,30.0,2022-09-13 09:11:14+00:00,504.0
ql-ghost-composition,"Ghost composition at location: (303, 1)",error_correction_repetition_code_e94ab1.py,303,,"Ghost composition at location: (303, 1)error_correction_repetition_code_e94ab1.py303",TP,FP,NW,,easy to avoid,0,NW,https://github.com/Qiskit/platypus/blob/57c19e59c7e87e2000f0c158dc2bb0da42bf90ce/notebooks/quantum-hardware/error-correction-repetition-code.ipynb,Qiskit,platypus,platypus,93.0,217.0,228.0,30.0,30.0,2023-11-28 19:56:56+00:00,62.0
ql-ghost-composition,"Ghost composition at location: (413, 1)",transpiled_stabilizer_test_7be7ce.py,413,,"Ghost composition at location: (413, 1)transpiled_stabilizer_test_7be7ce.py413",TP,TP,,,,1,TP,https://github.com/Serock3/Master_thesis_QEC_simulation/blob/bfc808d5e73b7e0bc77f7a36bdc373f7d27a4c8f/trash/transpiled_stabilizer_test.py,Serock3,Master_thesis_QEC_simulation,Master_thesis_QEC_simulation,2.0,0.0,0.0,2.0,30.0,2021-12-11 09:31:38+00:00,780.0
ql-ghost-composition,"Ghost composition at location: (76, 1)",neoh2evo_28b965.py,76,,"Ghost composition at location: (76, 1)neoh2evo_28b965.py76",TP,TP,,,,1,TP,https://github.com/NEASQC/Variationals_algorithms/blob/8654cddca7d3a9b816c8085f64c278990cb78411/misc/python_scripts/neoh2evo.py,NEASQC,Variationals_algorithms,Variationals_algorithms,0.0,0.0,1.0,3.0,30.0,2022-09-13 09:11:14+00:00,504.0
ql-ghost-composition,"Ghost composition at location: (107, 9)",test_mc_gate_13ba80.py,107,9.0,"Ghost composition at location: (107, 9)test_mc_gate_13ba80.py107",TP,TP,,,,1,TP,https://github.com/qclib/qclib/blob/ddafadf004cfe79d6086b3874c96a00219bf896d/test/test_mc_gate.py,qclib,qclib,qclib,26.0,9.0,17.0,9.0,30.0,2023-11-10 14:55:49+00:00,80.0
ql-ghost-composition,"Ghost composition at location: (90, 9)",test_mc_gate_13ba80.py,90,9.0,"Ghost composition at location: (90, 9)test_mc_gate_13ba80.py90",TP,TP,,,,1,TP,https://github.com/qclib/qclib/blob/ddafadf004cfe79d6086b3874c96a00219bf896d/test/test_mc_gate.py,qclib,qclib,qclib,26.0,9.0,17.0,9.0,30.0,2023-11-10 14:55:49+00:00,80.0
ql-ghost-composition,"Ghost composition at location: (275, 1)",error_correction_repetition_code_e94ab1.py,275,,"Ghost composition at location: (275, 1)error_correction_repetition_code_e94ab1.py275",TP,FP,NW,,easy to avoid,0,NW,https://github.com/Qiskit/platypus/blob/57c19e59c7e87e2000f0c158dc2bb0da42bf90ce/notebooks/quantum-hardware/error-correction-repetition-code.ipynb,Qiskit,platypus,platypus,93.0,217.0,228.0,30.0,30.0,2023-11-28 19:56:56+00:00,62.0
ql-conditional-without-measurement,"Conditional gate 'h' on qubit '0' (l: 11, c: 1) without preceeding measurement.",ahmed154_73ece9.py,11,,"Conditional gate 'h' on qubit '0' (l: 11, c: 1) without preceeding measurement.ahmed154_73ece9.py11",TP,TP,,,,1,TP,https://github.com/ahmedkfu2020/-/blob/a205805a9dfaef2f8cb2ff0645c597b1b119747c/ahmed154.py,ahmedkfu2020,-,-,0.0,0.0,0.0,1.0,30.0,2020-06-20 21:57:51+00:00,1318.0
ql-conditional-without-measurement,"Conditional gate 'x' on qubit '0' (l: 83, c: 9) without preceeding measurement.",test_decompose_78559e.py,83,9.0,"Conditional gate 'x' on qubit '0' (l: 83, c: 9) without preceeding measurement.test_decompose_78559e.py83",TP,TP,,,,1,TP,https://github.com/epiqc/PartialCompilation/blob/50d80f56efdf754e40a0b1dd00404788a03fdf3d/qiskit-terra/test/python/transpiler/test_decompose.py,epiqc,PartialCompilation,PartialCompilation,11.0,0.0,2.0,3.0,30.0,2019-09-16 23:35:41+00:00,1596.0
ql-conditional-without-measurement,"Conditional gate 'h' on qubit '0' (l: 75, c: 9) without preceeding measurement.",test_decompose_78559e.py,75,9.0,"Conditional gate 'h' on qubit '0' (l: 75, c: 9) without preceeding measurement.test_decompose_78559e.py75",TP,TP,,,"It's a test case, so arguably, the intention may not be to create a complete test case. However, the code clearly is wrong wrt the pb the this analysis checks",1,TP,https://github.com/epiqc/PartialCompilation/blob/50d80f56efdf754e40a0b1dd00404788a03fdf3d/qiskit-terra/test/python/transpiler/test_decompose.py,epiqc,PartialCompilation,PartialCompilation,11.0,0.0,2.0,3.0,30.0,2019-09-16 23:35:41+00:00,1596.0
ql-conditional-without-measurement,"Conditional gate 'u' on qubit '1' (l: 245, c: 9) without preceeding measurement.",test_structure_aaba85.py,245,9.0,"Conditional gate 'u' on qubit '1' (l: 245, c: 9) without preceeding measurement.test_structure_aaba85.py245",TP,TP,,,,1,TP,https://github.com/jakelishman/qiskit-qasm2/blob/d5c145e6ca08f3bdea54822dbdf054c5ce72e02c/tests/test_structure.py,jakelishman,qiskit-qasm2,qiskit-qasm2,4.0,0.0,0.0,1.0,30.0,2023-03-11 01:43:40+00:00,325.0
ql-conditional-without-measurement,"Conditional gate 't' on qubit '0' (l: 38, c: 1) without preceeding measurement.",task_0f414b.py,38,,"Conditional gate 't' on qubit '0' (l: 38, c: 1) without preceeding measurement.task_0f414b.py38",TP,TP,,,,1,TP,https://github.com/draymond63/qosf-task-1/blob/cbcda1ace6efc80ad2554ea2b5c9c5b5288444ae/task.py,draymond63,qosf-task-1,qosf-task-1,0.0,0.0,0.0,1.0,3.0,2021-09-15 18:24:19+00:00,866.0
ql-conditional-without-measurement,"Conditional gate 't' on qubit '0' (l: 47, c: 1) without preceeding measurement.",task_0f414b.py,47,,"Conditional gate 't' on qubit '0' (l: 47, c: 1) without preceeding measurement.task_0f414b.py47",TP,TP,,,,1,TP,https://github.com/draymond63/qosf-task-1/blob/cbcda1ace6efc80ad2554ea2b5c9c5b5288444ae/task.py,draymond63,qosf-task-1,qosf-task-1,0.0,0.0,0.0,1.0,3.0,2021-09-15 18:24:19+00:00,866.0
ql-conditional-without-measurement,"Conditional gate 'h' on qubit '2' (l: 34, c: 1) without preceeding measurement.",test_sdk_352e8e.py,34,,"Conditional gate 'h' on qubit '2' (l: 34, c: 1) without preceeding measurement.test_sdk_352e8e.py34",TP,TP,,,,1,TP,https://github.com/drobiu/quantum-project/blob/26a2a49cabb0868c9bf5ad68e6861062da7ad6ea/code/test_sdk.py,drobiu,quantum-project,quantum-project,1.0,0.0,0.0,5.0,30.0,2022-03-15 23:25:30+00:00,685.0
ql-conditional-without-measurement,"Conditional gate 'x' on qubit '0' (l: 114, c: 9) without preceeding measurement.",test_circuit_load_from_qasm_bf30ab.py,114,9.0,"Conditional gate 'x' on qubit '0' (l: 114, c: 9) without preceeding measurement.test_circuit_load_from_qasm_bf30ab.py114",TP,TP,,,,1,TP,https://github.com/epiqc/PartialCompilation/blob/50d80f56efdf754e40a0b1dd00404788a03fdf3d/qiskit-terra/test/python/circuit/test_circuit_load_from_qasm.py,epiqc,PartialCompilation,PartialCompilation,11.0,0.0,2.0,3.0,30.0,2019-09-16 23:35:41+00:00,1596.0
ql-conditional-without-measurement,"Conditional gate 'z' on qubit '0' (l: 47, c: 9) without preceeding measurement.",test_circuit_qasm_ae5268.py,47,9.0,"Conditional gate 'z' on qubit '0' (l: 47, c: 9) without preceeding measurement.test_circuit_qasm_ae5268.py47",TP,TP,,,,1,TP,https://github.com/epiqc/PartialCompilation/blob/50d80f56efdf754e40a0b1dd00404788a03fdf3d/qiskit-terra/test/python/circuit/test_circuit_qasm.py,epiqc,PartialCompilation,PartialCompilation,11.0,0.0,2.0,3.0,30.0,2019-09-16 23:35:41+00:00,1596.0
ql-conditional-without-measurement,"Conditional gate 'tdg' on qubit '1' (l: 39, c: 1) without preceeding measurement.",task_0f414b.py,39,,"Conditional gate 'tdg' on qubit '1' (l: 39, c: 1) without preceeding measurement.task_0f414b.py39",TP,TP,,,,1,TP,https://github.com/draymond63/qosf-task-1/blob/cbcda1ace6efc80ad2554ea2b5c9c5b5288444ae/task.py,draymond63,qosf-task-1,qosf-task-1,0.0,0.0,0.0,1.0,3.0,2021-09-15 18:24:19+00:00,866.0
ql-double-measurement,"Two consecutive measurements on qubit '0' at locations: (11, 1) and (12, 1)",qubitstates_903372.py,12,,"Two consecutive measurements on qubit '0' at locations: (11, 1) and (12, 1)qubitstates_903372.py12",TP,TP,,,,1,TP,https://github.com/vicvaleeva/qiskit-learn/blob/e8d179369e6c3f4ba815604f8183cec5044a8c7a/QuantumStates/qubitStates.py,vicvaleeva,qiskit-learn,qiskit-learn,0.0,0.0,0.0,1.0,9.0,2020-12-24 15:35:03+00:00,1131.0
ql-double-measurement,"Two consecutive measurements on qubit '0' at locations: (58, 9) and (61, 9)",test_qasm_simulator_edd048.py,61,9.0,"Two consecutive measurements on qubit '0' at locations: (58, 9) and (61, 9)test_qasm_simulator_edd048.py61",TP,TP,,,,1,TP,https://github.com/epiqc/PartialCompilation/blob/50d80f56efdf754e40a0b1dd00404788a03fdf3d/qiskit-terra/test/python/basicaer/test_qasm_simulator.py,epiqc,PartialCompilation,PartialCompilation,11.0,0.0,2.0,3.0,30.0,2019-09-16 23:35:41+00:00,1596.0
ql-double-measurement,"Two consecutive measurements on qubit '0' at locations: (821, 9) and (822, 9)",test_structure_aaba85.py,822,9.0,"Two consecutive measurements on qubit '0' at locations: (821, 9) and (822, 9)test_structure_aaba85.py822",NW,FP,FP,,"The measurements are guarded by inverse conditions, i.e., in every possible execution only one of them is actually performed",0,FP,https://github.com/jakelishman/qiskit-qasm2/blob/d5c145e6ca08f3bdea54822dbdf054c5ce72e02c/tests/test_structure.py,jakelishman,qiskit-qasm2,qiskit-qasm2,4.0,0.0,0.0,1.0,30.0,2023-03-11 01:43:40+00:00,325.0
ql-double-measurement,"Two consecutive measurements on qubit '0' at locations: (68, 5) and (68, 5)",montgomery_modular_multiplication_593bfe.py,68,5.0,"Two consecutive measurements on qubit '0' at locations: (68, 5) and (68, 5)montgomery_modular_multiplication_593bfe.py68",TP,FP,NW,"it could happen, but it depends on user input, and other measurements, thus it might lead to performance degradations. THe dev has to decidebased on the intended behavior.",Lines 92 and 95 operate on qubit 0,0,NW,https://github.com/c3sr/Quantum-Computing/blob/0628ef5fb94ffe7d6d5f73724a0aafffab0297b4/src/rsa/qiskit/Montgomery_Modular_Multiplication.ipynb,c3sr,Quantum-Computing,Quantum-Computing,6.0,0.0,0.0,2.0,25.0,2019-12-06 05:35:52+00:00,1516.0
ql-double-measurement,"Two consecutive measurements on qubit '0' at locations: (70, 5) and (74, 5)",quantum_e3f4e0.py,74,5.0,"Two consecutive measurements on qubit '0' at locations: (70, 5) and (74, 5)quantum_e3f4e0.py74",TP,TP,,,,1,TP,https://github.com/clausia/tetromiq/blob/46a39fb9ae1423dd69b2594116a693c198529185/src/quantum.py,clausia,tetromiq,tetromiq,1.0,15.0,1.0,3.0,30.0,2021-10-03 14:21:32+00:00,848.0
ql-measure-all-abuse,"measure_all() on the circuit 'qc' (at location:6, 6)  when it has already 6 classical bits.",example_1_c6d971.py,10,,"measure_all() on the circuit 'qc' (at location:6, 6)  when it has already 6 classical bits.example_1_c6d971.py10",TP,TP,,,,1,TP,https://github.com/brodkemd/UC_Quantum_Lab/blob/f9b88c6f19962a13f252dabf71f8040ce32b6d0d/examples/python/example_1.py,brodkemd,UC_Quantum_Lab,UC_Quantum_Lab,0.0,0.0,0.0,1.0,30.0,2022-10-27 20:44:33+00:00,459.0
ql-measure-all-abuse,"measure_all() on the circuit 'demo' (at location:320, 6)  when it has already 6 classical bits.",matchgate_tools_mudground_checkpoint_a852d9.py,326,,"measure_all() on the circuit 'demo' (at location:320, 6)  when it has already 6 classical bits.matchgate_tools_mudground_checkpoint_a852d9.py326",TP,TP,,,,1,TP,https://github.com/VoicuTomut/ChemistryOnQubits/blob/48584e8532014fe8660f5c9b47ff04145d50b5e8/Playground/.ipynb_checkpoints/matchgate_tools_MudGround-checkpoint.ipynb,VoicuTomut,ChemistryOnQubits,ChemistryOnQubits,0.0,0.0,0.0,1.0,30.0,2021-02-27 11:05:59+00:00,1066.0
ql-measure-all-abuse,"measure_all() on the circuit 'circuit' (at location:17, 15)  when it has already 2 classical bits.",bell_states_example_55fd07.py,20,5.0,"measure_all() on the circuit 'circuit' (at location:17, 15)  when it has already 2 classical bits.bell_states_example_55fd07.py20",TP,TP,,,,1,TP,https://github.com/0tt3r/QuaC-qiskit/blob/6fda8db41e6cbdab11059f036a34fa9e410d11a8/examples/demos/bell_states_example.py,0tt3r,QuaC-qiskit,QuaC-qiskit,1.0,1.0,2.0,1.0,15.0,2020-10-09 16:36:33+00:00,1207.0
ql-measure-all-abuse,"measure_all() on the circuit 'qc' (at location:29, 6)  when it has already 5 classical bits.",main_2f60d4.py,30,,"measure_all() on the circuit 'qc' (at location:29, 6)  when it has already 5 classical bits.main_2f60d4.py30",TP,TP,,,,1,TP,https://github.com/steurendoit/QuantumTests/blob/e9edb29f20c16ab56548432b76e39e1d816a299f/main.py,steurendoit,QuantumTests,,,,,,,,
ql-measure-all-abuse,"measure_all() on the circuit 'qc' (at location:29, 14)  when it has already 3 classical bits.",test_parse_counts_0953d6.py,31,9.0,"measure_all() on the circuit 'qc' (at location:29, 14)  when it has already 3 classical bits.test_parse_counts_0953d6.py31",TP,TP,,,,1,TP,https://github.com/mgrzesiuk/qiskit_utils/blob/3666b3ea2074ce6ee75fa22a8165880ca147c71d/tst/test_parse_counts.py,mgrzesiuk,qiskit_utils,qiskit_utils,0.0,0.0,0.0,1.0,19.0,2022-07-16 18:02:07+00:00,562.0
ql-measure-all-abuse,"measure_all() on the circuit 'quantum_circuit' (at location:12, 19)  when it has already 2 classical bits.",quantum_entanglement_f902fe.py,23,,"measure_all() on the circuit 'quantum_circuit' (at location:12, 19)  when it has already 2 classical bits.quantum_entanglement_f902fe.py23",TP,TP,,,,1,TP,https://github.com/a-vanderbilt/Coding-WIth-Qiskit/blob/e08ab7965b419c31c74befeccf87b0215fd0c24c/quantum_entanglement.py,a-vanderbilt,Coding-WIth-Qiskit,Coding-WIth-Qiskit,0.0,0.0,0.0,1.0,5.0,2022-05-24 01:18:15+00:00,616.0
ql-measure-all-abuse,"measure_all() on the circuit 'circuit' (at location:78, 15)  when it has already 1 classical bits.",interferibmc_c22d6b.py,84,5.0,"measure_all() on the circuit 'circuit' (at location:78, 15)  when it has already 1 classical bits.interferibmc_c22d6b.py84",TP,TP,,,,1,TP,https://github.com/PCesteban/QCHACKIBM/blob/9add295536b78e68e3cc0c5a5f724f70a56d2461/Different%20drafts/INTERFERIBMC.ipynb,PCesteban,QCHACKIBM,QCHACKIBM,0.0,0.0,0.0,3.0,7.0,2021-04-18 04:41:21+00:00,1017.0
ql-measure-all-abuse,"measure_all() on the circuit 'circuit' (at location:7, 15)  when it has already 5 classical bits.",qrng_9498d5.py,10,5.0,"measure_all() on the circuit 'circuit' (at location:7, 15)  when it has already 5 classical bits.qrng_9498d5.py10",TP,TP,,,,1,TP,https://github.com/tula3and/random-question-generator/blob/6bce980c5da1647c267d3674d02c3a4627f17d98/qrng.py,tula3and,random-question-generator,random-question-generator,3.0,3.0,4.0,4.0,26.0,2022-08-01 09:47:34+00:00,547.0
ql-measure-all-abuse,"measure_all() on the circuit 'qc' (at location:97, 10)  when it has already 31 classical bits.",mnist_dd2c4f.py,110,5.0,"measure_all() on the circuit 'qc' (at location:97, 10)  when it has already 31 classical bits.mnist_dd2c4f.py110",TP,TP,,,,1,TP,https://github.com/dreaming-panda/quantum-ml/blob/109436d1aea5e15c856b7400cefa4e4d43723098/mnist.py,dreaming-panda,quantum-ml,quantum-ml,1.0,0.0,0.0,1.0,30.0,2022-09-16 13:29:13+00:00,500.0
ql-measure-all-abuse,"measure_all() on the circuit 'qc' (at location:17, 10)  when it has already 1 classical bits.",polarization_20rotator_20angle_25374b.py,20,5.0,"measure_all() on the circuit 'qc' (at location:17, 10)  when it has already 1 classical bits.polarization_20rotator_20angle_25374b.py20",TP,TP,,,,1,TP,https://github.com/2000maor/Quantum-Crypto/blob/eb82d67f05181f7071018b20aae74438a612da7c/polarization%20rotator%20angle.py,2000maor,Quantum-Crypto,Quantum-Crypto,0.0,0.0,0.0,1.0,10.0,2021-10-07 19:35:05+00:00,844.0
ql-operation-after-measurement,"Operation 'cx' on qubit 0 after measurement at location: (36, 1).",one_qubit_fb6117.py,40,,"Operation 'cx' on qubit 0 after measurement at location: (36, 1).one_qubit_fb6117.py40",TP,TP,,,,1,TP,https://github.com/iQuHACK/Duckfebugging/blob/73dea9e3390c4566bcc30a4e5690b1c122ef494b/one_qubit.py,iQuHACK,Duckfebugging,Duckfebugging,1.0,6.0,0.0,2.0,2.0,2020-02-03 22:23:43+00:00,1456.0
ql-operation-after-measurement,"Operation 'cz' on qubit 3 after measurement at location: (21, 1).",python_quantum_number_generator_1_6_multi_qasm_76fe84.py,35,,"Operation 'cz' on qubit 3 after measurement at location: (21, 1).python_quantum_number_generator_1_6_multi_qasm_76fe84.py35",TP,TP,,,,1,TP,https://github.com/J2304789/Quantum-Random-Number-Generator/blob/dd751ffb653b88fdf4610ea3a5ba54e4efb5caa9/Python_Quantum_Random_Number_Generator/Python_Quantum_Number_Generator_1-6_Multi_QASM.py,J2304789,Quantum-Random-Number-Generator,,,,,,,,
ql-operation-after-measurement,"Operation 'cz' on qubit 0 after measurement at location: (14, 2).",quantumteleportation_2823d6.py,16,2.0,"Operation 'cz' on qubit 0 after measurement at location: (14, 2).quantumteleportation_2823d6.py16",TP,TP,,,,1,TP,https://github.com/MarcoArmenta/quantum-circuits/blob/134d7de0b45c37b54322d0a4c1fc138e4643ad53/QuantumTeleportation.py,MarcoArmenta,quantum-circuits,quantum-circuits,1.0,0.0,0.0,1.0,7.0,2021-03-23 12:00:14+00:00,1042.0
ql-operation-after-measurement,"Operation 'cz' on qubit 5 after measurement at location: (36, 5).",quantum_random_pixel_generator_multi_qasm_bebc43.py,47,5.0,"Operation 'cz' on qubit 5 after measurement at location: (36, 5).quantum_random_pixel_generator_multi_qasm_bebc43.py47",TP,TP,,,,1,TP,https://github.com/J2304789/Quantum-Random-Pixel-Generator/blob/7f4ad190d29ccd4865fe5b891a488a5f1abd427c/Python_Quantum_Random_Pixel_Generator/Multi_QASM/Quantum_Random_Pixel_Generator_Multi_QASM.py,J2304789,Quantum-Random-Pixel-Generator,,,,,,,,
ql-operation-after-measurement,"Operation 'x' on qubit 4 after measurement at location: (208, 1).",q04_qiskit_installation_and_test_7d0f02.py,226,7.0,"Operation 'x' on qubit 4 after measurement at location: (208, 1).q04_qiskit_installation_and_test_7d0f02.py226",TP,FP,TP,mistake annotator 2,,0,TP,https://github.com/Vishal-Mandal/bronze-qiskit-master/blob/1ff2c0f308c22934299fcb1f44a0cd92afd5a7a4/quantum-with-qiskit/Q04_Qiskit_installation_and_test.ipynb,Vishal-Mandal,bronze-qiskit-master,bronze-qiskit-master,0.0,0.0,0.0,1.0,3.0,2022-07-17 16:25:14+00:00,561.0
ql-operation-after-measurement,"Operation 'h' on qubit 0 after measurement at location: (69, 1).",quantum_key_distribution_e8abe3.py,73,,"Operation 'h' on qubit 0 after measurement at location: (69, 1).quantum_key_distribution_e8abe3.py73",TP,FP,TP,"they show a malicous situation, where eve destroys the quantum state and the protocol is broken, it is a kind of example/tutorial on how a bug can happen (in communication protocols in this case).","Not 100% sure, but doesn't h() reset the qubit?",0,TP,https://github.com/shovitraj/QuantumComputing/blob/768150f62eaba0a393c3868cd9eee2771dd71b30/qiskit-textbook/content/ch-algorithms/quantum-key-distribution.ipynb,shovitraj,QuantumComputing,QuantumComputing,0.0,0.0,0.0,1.0,6.0,2023-03-20 19:47:05+00:00,315.0
ql-operation-after-measurement,"Operation 'cx' on qubit 1 after measurement at location: (155, 1).",ch_3_28325b.py,157,,"Operation 'cx' on qubit 1 after measurement at location: (155, 1).ch_3_28325b.py157",TP,TP,,,,1,TP,https://github.com/PacktPublishing/Hands-On-Quantum-Information-Processing-with-Python/blob/45a2cfe0d805c2d28f5c9a6f331fb3d841cf62ff/Chapter03/ch-3.ipynb,PacktPublishing,Hands-On-Quantum-Information-Processing-with-Python,Hands-On-Quantum-Information-Processing-with-Python,14.0,0.0,10.0,3.0,6.0,2022-10-31 06:47:10+00:00,456.0
ql-operation-after-measurement,"Operation 'cz' on qubit 0 after measurement at location: (47, 1).",quantumteleportationprotocol_7da521.py,56,,"Operation 'cz' on qubit 0 after measurement at location: (47, 1).quantumteleportationprotocol_7da521.py56",TP,TP,,,,1,TP,https://github.com/B10-H4ck3r/QComp_QuantumTeleportationProtocol/blob/5f839a5e8f27cae31d5783a6cffd252a2acf6db0/QuantumTeleportationProtocol.py,B10-H4ck3r,QComp_QuantumTeleportationProtocol,QComp_QuantumTeleportationProtocol,0.0,0.0,0.0,1.0,3.0,2020-12-17 14:42:39+00:00,1138.0
ql-operation-after-measurement,"Operation 'cz' on qubit 0 after measurement at location: (20, 1).",teleportation_07c3ca.py,25,,"Operation 'cz' on qubit 0 after measurement at location: (20, 1).teleportation_07c3ca.py25",TP,TP,,,,1,TP,https://github.com/39xdgy/selflearn_qiskit/blob/874d6aceb8487ec1cd66f5da7c516d54ba541bab/teleportation.py,39xdgy,selflearn_qiskit,selflearn_qiskit,0.0,0.0,0.0,1.0,2.0,2020-07-22 04:01:58+00:00,1287.0
ql-op-after-optimization,Operation measure applied to transpiled circuit: qc.,groverfuncs_9232ea.py,55,5.0,Operation measure applied to transpiled circuit: qc.groverfuncs_9232ea.py55,TP,TP,,,,1,TP,https://github.com/JaimePSantos/Dissertation-Tex-Code/blob/15544a4334f61e670d1eeee9849fd168c468863d/Coding/Qiskit/AllSearch/groverFuncs.py,JaimePSantos,Dissertation-Tex-Code,Dissertation-Tex-Code,0.0,2.0,1.0,2.0,30.0,2023-01-18 04:27:09+00:00,377.0
ql-op-after-optimization,Operation measure_all applied to transpiled circuit: qc1.,real_system_c4c34f.py,40,5.0,Operation measure_all applied to transpiled circuit: qc1.real_system_c4c34f.py40,TP,TP,,,,1,TP,https://github.com/DiracMG3/Circuit-Optimization-for-Hamiltonian-Simulation/blob/e97de3d2fb81b2057a1e45d1be82b8d9444792a3/Paulihedral/real_system.py,DiracMG3,Circuit-Optimization-for-Hamiltonian-Simulation,Circuit-Optimization-for-Hamiltonian-Simulation,0.0,1.0,0.0,1.0,3.0,2022-12-05 03:09:05+00:00,421.0
ql-op-after-optimization,Operation measure_all applied to transpiled circuit: qc3.,real_system_c4c34f.py,45,5.0,Operation measure_all applied to transpiled circuit: qc3.real_system_c4c34f.py45,TP,TP,,,,1,TP,https://github.com/DiracMG3/Circuit-Optimization-for-Hamiltonian-Simulation/blob/e97de3d2fb81b2057a1e45d1be82b8d9444792a3/Paulihedral/real_system.py,DiracMG3,Circuit-Optimization-for-Hamiltonian-Simulation,Circuit-Optimization-for-Hamiltonian-Simulation,0.0,1.0,0.0,1.0,3.0,2022-12-05 03:09:05+00:00,421.0
ql-op-after-optimization,Operation measure_all applied to transpiled circuit: qc1.,real_system_c4c34f.py,59,5.0,Operation measure_all applied to transpiled circuit: qc1.real_system_c4c34f.py59,TP,TP,,,,1,TP,https://github.com/DiracMG3/Circuit-Optimization-for-Hamiltonian-Simulation/blob/e97de3d2fb81b2057a1e45d1be82b8d9444792a3/Paulihedral/real_system.py,DiracMG3,Circuit-Optimization-for-Hamiltonian-Simulation,Circuit-Optimization-for-Hamiltonian-Simulation,0.0,1.0,0.0,1.0,3.0,2022-12-05 03:09:05+00:00,421.0
ql-op-after-optimization,Operation measure_all applied to transpiled circuit: qc3.,real_system_c4c34f.py,64,5.0,Operation measure_all applied to transpiled circuit: qc3.real_system_c4c34f.py64,TP,TP,,,,1,TP,https://github.com/DiracMG3/Circuit-Optimization-for-Hamiltonian-Simulation/blob/e97de3d2fb81b2057a1e45d1be82b8d9444792a3/Paulihedral/real_system.py,DiracMG3,Circuit-Optimization-for-Hamiltonian-Simulation,Circuit-Optimization-for-Hamiltonian-Simulation,0.0,1.0,0.0,1.0,3.0,2022-12-05 03:09:05+00:00,421.0
ql-op-after-optimization,Operation measure applied to transpiled circuit: qc.,source_59a0eb956a0d4e6b8720f272136f2799_9b8ba7.py,34,,Operation measure applied to transpiled circuit: qc.source_59a0eb956a0d4e6b8720f272136f2799_9b8ba7.py34,TP,TP,,,,1,TP,https://github.com/ArfatSalman/qc-test/blob/9ec9efff192318b71e8cd06a49abc676196315cb/warnings/program_pairs/06_59a0eb/source_59a0eb956a0d4e6b8720f272136f2799.py,ArfatSalman,qc-test,qcross,2.0,0.0,0.0,1.0,21.0,2023-06-11 22:05:56+00:00,232.0
ql-op-after-optimization,Operation measure applied to transpiled circuit: qc.,source_948f90de9947418289b220bd2e61caa3_caae3b.py,58,,Operation measure applied to transpiled circuit: qc.source_948f90de9947418289b220bd2e61caa3_caae3b.py58,TP,TP,,,,1,TP,https://github.com/ArfatSalman/qc-test/blob/9ec9efff192318b71e8cd06a49abc676196315cb/miscellanea/intersting_cases/metamorphic_testing/06_948f90/source_948f90de9947418289b220bd2e61caa3.py,ArfatSalman,qc-test,qcross,2.0,0.0,0.0,1.0,21.0,2023-06-11 22:05:56+00:00,232.0
ql-constant-classic-bit,Circuit 'circuit' measures qubit '0' but never uses it.,constante_1_00_d02e10.py,8,11.0,Circuit 'circuit' measures qubit '0' but never uses it.constante_1_00_d02e10.py8,TP,TP,,,,1,TP,"https://github.com/Nat15005/DeutschYDeutsch-Jozsa/blob/07c15bcc325bfc04979230769f4075e1124fb0b9/Funciones_DEUTSCH/Constante_1/Constante_1_(0,0).py",Nat15005,DeutschYDeutsch-Jozsa,DeutschYDeutsch-Jozsa,0.0,0.0,0.0,1.0,17.0,2022-11-27 23:44:59+00:00,428.0
ql-constant-classic-bit,Circuit 'qc' measures qubit '0' but never uses it.,utils_e15f70.py,128,10.0,Circuit 'qc' measures qubit '0' but never uses it.utils_e15f70.py128,FP,FP,,,,1,FP,https://github.com/amacaluso/Quantum-Algorithm-for-Ensemble-Learning/blob/3878d9a924aa8a838272082b838d6dceafcfdad6/Utils.py,amacaluso,Quantum-Algorithm-for-Ensemble-Learning,Quantum-Algorithm-for-Ensemble-Learning,3.0,0.0,0.0,1.0,27.0,2020-08-01 23:40:18+00:00,1276.0
ql-constant-classic-bit,Circuit 'circuit' measures qubit '0' but never uses it.,impactonblochspherev2_6f0344.py,62,15.0,Circuit 'circuit' measures qubit '0' but never uses it.impactonblochspherev2_6f0344.py62,FP,FP,,,,1,FP,https://github.com/iamtxena/quantum-channel-discrimination/blob/618f34f473a9ae37090df1059de9bab9f97aa5cd/src/old/ImpactOnBlochSphereV2.py,iamtxena,quantum-channel-discrimination,quantum-channel-discrimination,0.0,0.0,0.0,2.0,30.0,2021-10-10 15:39:15+00:00,841.0
ql-constant-classic-bit,Circuit 'circuit' measures qubit '0' but never uses it.,new_guess_function_e73975.py,142,15.0,Circuit 'circuit' measures qubit '0' but never uses it.new_guess_function_e73975.py142,FP,TP,TP,"When something is initialized you know the state, so no need to measure it.",,0,TP,https://github.com/iamtxena/quantum-channel-discrimination/blob/3d3d1347e5acb18507c0a21650fdaf9635fb66f5/src/old/new-guess-function.ipynb,iamtxena,quantum-channel-discrimination,quantum-channel-discrimination,0.0,0.0,0.0,2.0,30.0,2021-10-10 15:39:15+00:00,841.0
ql-constant-classic-bit,Circuit 'qc' measures qubit '1' but never uses it.,ex1_a7614b.py,66,10.0,Circuit 'qc' measures qubit '1' but never uses it.ex1_a7614b.py66,TP,TP,,,"The comments suggest this is meant to be incomplete code, but the warning is technically correct.",1,TP,https://github.com/philarnold4242/QuantumComputing/blob/15d85cdf749051293d799135d09f5519115c2378/qiskit-textbook/content/ch-ex/ex1.ipynb,philarnold4242,QuantumComputing,QuantumComputing,0.0,0.0,0.0,2.0,10.0,2021-03-22 07:00:14+00:00,1044.0
ql-constant-classic-bit,Circuit 'circuit' measures qubit '0' but never uses it.,lab12tests_488d7c.py,34,19.0,Circuit 'circuit' measures qubit '0' but never uses it.lab12tests_488d7c.py34,FP,FP,,,"Uncertain information about the (q)bit uses, and the circuit also escapes before the measurement. Ideally we should report a warning in such cases.",1,FP,https://github.com/fostersmith/BWSI/blob/5c8f44877439e5ffdb5b05b7400c573fc1f9ba97/exercises/QiskitExercises/Tests/lab12tests.py,fostersmith,BWSI,BWSI,0.0,0.0,0.0,1.0,7.0,2022-07-22 16:51:09+00:00,556.0
ql-oversized-circuit,Circuit 'mcx_qiskit' never manipulates some of its 6qubits.,test_mcx_gate_065857.py,130,22.0,Circuit 'mcx_qiskit' never manipulates some of its 6qubits.test_mcx_gate_065857.py130,FP,TP,FP,the argument of the mcx gate were missed by annotator 2,,0,FP,https://github.com/qclib/qclib/blob/90b4cd886972a7858081bf9cd5709783bfbf6789/test/test_mcx_gate.py,qclib,qclib,qclib,26.0,9.0,17.0,9.0,30.0,2023-11-10 14:55:49+00:00,80.0
ql-oversized-circuit,Circuit 'circuit' never manipulates some of its 2qubits.,a03_deutsch_algorithm_solutions_checkpoint_cd1511.py,129,15.0,Circuit 'circuit' never manipulates some of its 2qubits.a03_deutsch_algorithm_solutions_checkpoint_cd1511.py129,TP,NW,TP,,"The circuit escapes, so it may get used in code we don't see. Looking at the comments, it seems the circuit is intended to be unused",0,TP,https://github.com/asif-saad/qSilver/blob/4f7c1d3a402376d9a080994e65f34f38f53658bb/silver/.ipynb_checkpoints/A03_Deutsch_Algorithm_Solutions-checkpoint.ipynb,asif-saad,qSilver,qSilver,0.0,0.0,0.0,1.0,1.0,2022-03-10 06:36:49+00:00,691.0
ql-oversized-circuit,Circuit 'circuit' never manipulates some of its 1qubits.,jakoyhtalot_algoritmit_8daaee.py,519,11.0,Circuit 'circuit' never manipulates some of its 1qubits.jakoyhtalot_algoritmit_8daaee.py519,TP,TP,,,,1,TP,https://github.com/otaniemenlukio/lukiomatematiikkaa-ohjelmoimalla/blob/3723f9de38187b53f7879d298a2752f0f73ff9da/jakoyhtalot_algoritmit.py,otaniemenlukio,lukiomatematiikkaa-ohjelmoimalla,lukiomatematiikkaa-ohjelmoimalla,0.0,0.0,0.0,2.0,11.0,2021-12-13 04:01:00+00:00,778.0
ql-oversized-circuit,Circuit 'qc' never manipulates some of its 3qubits.,4atoms_of_computation_332679.py,126,6.0,Circuit 'qc' never manipulates some of its 3qubits.4atoms_of_computation_332679.py126,TP,TP,,,,1,TP,https://github.com/TanyaJazzTeam/29_1_06_Pub/blob/248ee51cd49823fcc98fae1d46c0b4fa34371d8d/fr/4atoms-of-computation.ipynb,TanyaJazzTeam,29_1_06_Pub,29_1_06_Pub,0.0,6.0,0.0,2.0,24.0,2022-07-07 07:49:21+00:00,572.0
ql-oversized-circuit,Circuit 'qc' never manipulates some of its 8qubits.,qiskit_test_49241d.py,112,10.0,Circuit 'qc' never manipulates some of its 8qubits.qiskit_test_49241d.py112,FP,FP,,,,1,FP,https://github.com/boyesjo/tma4500/blob/41c56c2cd29e3763832334701fd2c676f2cb4bc8/code/qcnn_pennylane/qiskit_test.py,boyesjo,tma4500,tma4500,0.0,0.0,0.0,1.0,30.0,2022-12-22 12:24:42+00:00,403.0
ql-oversized-circuit,Circuit 'circuit2' never manipulates some of its 5qubits.,a00_qiskit_introduction_79143b.py,104,12.0,Circuit 'circuit2' never manipulates some of its 5qubits.a00_qiskit_introduction_79143b.py104,TP,TP,,,,1,TP,https://github.com/sbbzplt/nickel/blob/763a14717434362f26363581234c9495747afd35/nickel/A00_Qiskit_Introduction.ipynb,sbbzplt,nickel,nickel,0.0,0.0,0.0,1.0,22.0,2022-11-11 20:22:16+00:00,444.0
ql-oversized-circuit,Circuit 'qc3' never manipulates some of its 1qubits.,day_203_20universality_69a67f.py,271,7.0,Circuit 'qc3' never manipulates some of its 1qubits.day_203_20universality_69a67f.py271,TP,TP,,,,1,TP,https://github.com/mnp-club/Quantum_Computing_Workshop_2020/blob/20c287e220c000f2b00dbf87a103325498fa6263/Notebooks/Day%203%20Universality.ipynb,mnp-club,Quantum_Computing_Workshop_2020,Quantum_Computing_Workshop_2020,45.0,1.0,39.0,4.0,30.0,2020-08-19 13:26:33+00:00,1258.0
ql-oversized-circuit,Circuit 'qc' never manipulates some of its 2qubits.,grade_0ca071.py,27,8.0,Circuit 'qc' never manipulates some of its 2qubits.grade_0ca071.py27,NW,FP,FP,,The circuit escapes via args,0,FP,https://github.com/AndrewLitteken/qcfa-autograder/blob/6092a9ff4bd89a73adbdae780c236e143612529c/qcfa_autograder/grade.py,AndrewLitteken,qcfa-autograder,qcfa-autograder,0.0,0.0,0.0,1.0,15.0,2023-07-13 20:21:52+00:00,200.0
ql-oversized-circuit,Circuit 'circ' never manipulates some of its 2qubits.,test_cost_3449df.py,320,12.0,Circuit 'circ' never manipulates some of its 2qubits.test_cost_3449df.py320,NW,FP,FP,,Escapes into TrivialAnsatz,0,FP,https://github.com/FredericSauv/qc_optim/blob/a1ed6ef41eb28035f7e93483997a477fcfd42731/tests/test_cost.py,FredericSauv,qc_optim,qc_optim,0.0,0.0,5.0,4.0,30.0,2021-07-15 16:40:37+00:00,928.0
ql-unmeasurable-qubits,Circuit 'qc' has more qubits (3) than classical  bits (0),test_u_gate_940648.py,43,14.0,Circuit 'qc' has more qubits (3) than classical  bits (0)test_u_gate_940648.py43,TP,FP,TP,because there are no classical bit and because it doesn't inspect the state of the qubit.,Escapes,0,TP,https://github.com/QuantestPy/quantestpy/blob/6799675c9326d026e01dec6c6600306de03825d4/test/with_qiskit/simulator/state_vector_circuit/test_u_gate.py,QuantestPy,quantestpy,quantestpy,9.0,29.0,3.0,3.0,30.0,2023-04-01 03:28:06+00:00,304.0
ql-unmeasurable-qubits,Circuit 'qc' has more qubits (24) than classical  bits (0),qrealboosting32_ef6327.py,882,10.0,Circuit 'qc' has more qubits (24) than classical  bits (0)qrealboosting32_ef6327.py882,NW,FP,FP,,"Not 100% sure, as code is spread across multiple functions",0,FP,https://github.com/braqiiit/QRealBoost/blob/09b364f55c08e18214871fe928cbe0cbd9ae9179/upload_for/Q_variation/Breast%20Cancer/QRealboost/Q_8/QRealBoosting32.py,braqiiit,QRealBoost,QRealBoost,0.0,0.0,0.0,3.0,30.0,2023-06-06 07:38:40+00:00,238.0
ql-unmeasurable-qubits,Circuit 'compiled_circuit' has more qubits (5) than classical  bits (4),deutschjozsa_5a9218.py,132,24.0,Circuit 'compiled_circuit' has more qubits (5) than classical  bits (4)deutschjozsa_5a9218.py132,TP,FP,FP,"mistake annotator 1, qubit 4 is ancilla never reusedthus no need to measure.",Helper qubit,0,FP,https://github.com/SamuRoj/Algoritmo-Deutsch-y-Deutsch-Jozsa/blob/a0d9863bbfc709b32e5def0d5a9d25555866ebf8/DeutschJozsa.py,SamuRoj,Algoritmo-Deutsch-y-Deutsch-Jozsa,Algoritmo-Deutsch-y-Deutsch-Jozsa,0.0,0.0,0.0,1.0,16.0,2022-11-27 21:06:40+00:00,428.0
ql-unmeasurable-qubits,Circuit 'qctot' has more qubits (2) than classical  bits (0),gate_apply_3a61af.py,104,17.0,Circuit 'qctot' has more qubits (2) than classical  bits (0)gate_apply_3a61af.py104,FP,FP,,,Escapes,1,FP,https://github.com/melody16843/quantum-error-mitigation/blob/775df0cb0581428639dd83bbcfc2bd0cb912fef7/gate_apply.py,melody16843,quantum-error-mitigation,quantum-error-mitigation,1.0,0.0,0.0,2.0,11.0,2022-03-10 03:17:07+00:00,691.0
ql-unmeasurable-qubits,Circuit 'qc' has more qubits (2) than classical  bits (0),3_more_circuit_identities_checkpoint_986a09.py,83,6.0,Circuit 'qc' has more qubits (2) than classical  bits (0)3_more_circuit_identities_checkpoint_986a09.py83,NW,TP,TP,,,0,TP,https://github.com/AGuyNextDoor/Qiskit/blob/c5b1f5a072d2b8699f39c0a527cde6a596141623/2_Multiple%20Qubits%20and%20Entanglement/.ipynb_checkpoints/3_more-circuit-identities-checkpoint.ipynb,AGuyNextDoor,Qiskit,Qiskit,0.0,0.0,0.0,1.0,6.0,2021-02-16 14:08:20+00:00,1077.0
ql-unmeasurable-qubits,Circuit 'circ' has more qubits (1) than classical  bits (0),kak_0be67d.py,53,20.0,Circuit 'circ' has more qubits (1) than classical  bits (0)kak_0be67d.py53,FP,TP,FP,"mistake annotator 2, because the circuit can still be used later after escape","Escapes as QASM, so not 100% sure",0,FP,https://github.com/BQSKit/qfast-qiskit/blob/dd562f809f86d8a2b2633001f78a3ddb0bf3a3af/qfast/instantiation/native/kak.py,BQSKit,qfast-qiskit,qfast-qiskit,3.0,0.0,0.0,1.0,3.0,2023-01-23 15:44:18+00:00,371.0
ql-unmeasurable-qubits,Circuit 'circuit' has more qubits (2) than classical  bits (0),quantumcircuit_20withoutmeasure_e133f5.py,17,11.0,Circuit 'circuit' has more qubits (2) than classical  bits (0)quantumcircuit_20withoutmeasure_e133f5.py17,TP,FP,FP,"intent: measrue via statevector, no need for a classical circuit",Result inspected via get_statevector(),0,FP,https://github.com/sujitmandal/Quantum-Programming/blob/1d348c307584bb804255eab75357789786ac5437/QuantumCircuit%20WithoutMeasure.py,sujitmandal,Quantum-Programming,Quantum-Programming,0.0,0.0,1.0,1.0,8.0,2021-03-02 07:52:03+00:00,1064.0
